{
  "project_info": {
    "project_number": "286206012074",
    "project_id": "blue-screen-robot",
    "storage_bucket": "blue-screen-robot.firebasestorage.app"
  },
  "client": [
    {
      "client_info": {
        "mobilesdk_app_id": "1:286206012074:android:5f175a40de7d0b4a2bbed3",
        "android_client_info": {
          "package_name": "io.jaspasoftware.bluescreenrobot"
        }
      },
      "oauth_client": [],
      "api_key": [
        {
          "current_key": "AIzaSyCQvMaFDo8JJZzsVH-9pUvpmAVpTQdXTls"
        }
      ],
      "services": {
        "appinvite_service": {
          "other_platform_oauth_client": []
        }
      }
    }
  ],
  "configuration_version": "1"
}